fig_club,gesgolf_club,circolo_id,match_score,scrape_status,playable_courses,warning_courses,failed_courses,output,action
Acaya,ACAYA,792,100,warning,4,2,0,data/gesgolf/normalized/acaya/circolo-792.json,scraped
Albisola,ALBISOLA,746,100,safe,5,0,0,data/gesgolf/normalized/albisola/circolo-746.json,scraped
Alpino,ALPINO,39,100,warning,2,1,0,data/gesgolf/normalized/alpino/circolo-39.json,scraped
Ambrosiano,AMBROSIANO,699,100,safe,3,0,0,data/gesgolf/normalized/ambrosiano/circolo-699.json,scraped
Antognolla,ANTOGNOLLA,644,100,safe,3,0,0,data/gesgolf/normalized/antognolla/circolo-644.json,scraped
Aosta Arsanieres,AOSTA ARSANIERES,105,100,warning,4,1,0,data/gesgolf/normalized/aosta-arsanieres/circolo-105.json,scraped
Aosta Brissogne,AOSTA BRISSOGNE,819,100,safe,2,0,0,data/gesgolf/normalized/aosta-brissogne/circolo-819.json,scraped
Arenzano Pineta,ARENZANO PINETA,794,100,safe,2,0,0,data/gesgolf/normalized/arenzano-pineta/circolo-794.json,scraped
Argenta,ARGENTA,135,100,warning,3,2,0,data/gesgolf/normalized/argenta/circolo-135.json,scraped
Argentario,ARGENTARIO,365,100,warning,5,2,0,data/gesgolf/normalized/argentario/circolo-365.json,scraped
Arona,ARONA,289,100,warning,4,2,1,data/gesgolf/normalized/arona/circolo-289.json,scraped
Arzaga,ARZAGA,744,100,safe,6,0,0,data/gesgolf/normalized/arzaga/circolo-744.json,scraped
Asiago,ASIAGO,3,100,warning,9,2,0,data/gesgolf/normalized/asiago/circolo-3.json,scraped
Asolo,ASOLO,219,100,safe,14,0,0,data/gesgolf/normalized/asolo/circolo-219.json,scraped
Bagnaia,BAGNAIA,504,100,safe,3,0,0,data/gesgolf/normalized/bagnaia/circolo-504.json,scraped
Barialto Golf,BARIALTO GOLF,808,100,safe,3,0,0,data/gesgolf/normalized/barialto-golf/circolo-808.json,scraped
Barlassina,BARLASSINA,669,100,safe,3,0,0,data/gesgolf/normalized/barlassina/circolo-669.json,scraped
Bellosguardo,BELLOSGUARDO,343,100,warning,9,1,2,data/gesgolf/normalized/bellosguardo/circolo-343.json,scraped
Biella Betulle,BIELLA BETULLE,6,100,safe,2,0,0,data/gesgolf/normalized/biella-betulle/circolo-6.json,scraped
Bogliaco,BOGLIACO,7,100,safe,3,0,0,data/gesgolf/normalized/bogliaco/circolo-7.json,scraped
Bogogno,BOGOGNO,659,100,safe,6,0,0,data/gesgolf/normalized/bogogno/circolo-659.json,scraped
Bollina,BOLLINA,840,100,safe,2,0,0,data/gesgolf/normalized/bollina/circolo-840.json,scraped
Bologna,BOLOGNA,8,100,warning,5,1,0,data/gesgolf/normalized/bologna/circolo-8.json,scraped
Borgo Camuzzago,BORGO CAMUZZAGO,434,100,warning,7,1,0,data/gesgolf/normalized/borgo-camuzzago/circolo-434.json,scraped
Bormio Ssd,BORMIO SSD,825,100,safe,4,0,0,data/gesgolf/normalized/bormio-ssd/circolo-825.json,scraped
Boves,BOVES,660,100,safe,8,0,0,data/gesgolf/normalized/boves/circolo-660.json,scraped
Brianza,BRIANZA,117,100,safe,4,0,0,data/gesgolf/normalized/brianza/circolo-117.json,scraped
Ca' Amata,CA' AMATA,144,100,warning,5,2,1,data/gesgolf/normalized/ca-amata/circolo-144.json,scraped
Ca' Nave Ssd,CA' NAVE SSD,852,100,safe,4,0,0,data/gesgolf/normalized/ca-nave-ssd/circolo-852.json,scraped
Ca' Ulivi,CA' ULIVI,92,100,warning,5,1,0,data/gesgolf/normalized/ca-ulivi/circolo-92.json,scraped
Campodoglio,CAMPODOGLIO,701,100,safe,8,0,0,data/gesgolf/normalized/campodoglio/circolo-701.json,scraped
Cansiglio,CANSIGLIO,9,100,warning,3,1,0,data/gesgolf/normalized/cansiglio/circolo-9.json,scraped
Caorle,CAORLE,481,100,safe,3,0,0,data/gesgolf/normalized/caorle/circolo-481.json,scraped
Carimate,CARIMATE,11,100,warning,3,2,0,data/gesgolf/normalized/carimate/circolo-11.json,scraped
Casalunga,CASALUNGA,172,100,warning,17,3,0,data/gesgolf/normalized/casalunga/circolo-172.json,scraped
Casentino,CASENTINO,85,100,warning,5,1,0,data/gesgolf/normalized/casentino/circolo-85.json,scraped
Castelconturbia,CASTELCONTURBIA,68,100,warning,9,2,0,data/gesgolf/normalized/castelconturbia/circolo-68.json,scraped
Castelfalfi,CASTELFALFI,678,100,safe,7,0,0,data/gesgolf/normalized/castelfalfi/circolo-678.json,scraped
Castellaro,CASTELLARO,634,100,safe,3,0,0,data/gesgolf/normalized/castellaro/circolo-634.json,scraped
Castello Spessa,CASTELLO SPESSA,80,100,warning,4,2,0,data/gesgolf/normalized/castello-spessa/circolo-80.json,scraped
Cavaglia',CAVAGLIA',681,100,safe,3,0,0,data/gesgolf/normalized/cavaglia/circolo-681.json,scraped
Cerreto Miglianico,CERRETO MIGLIANICO,838,100,safe,4,0,0,data/gesgolf/normalized/cerreto-miglianico/circolo-838.json,scraped
Cervia,CERVIA,74,100,warning,13,2,0,data/gesgolf/normalized/cervia/circolo-74.json,scraped
Cervino,CERVINO,508,100,warning,5,1,0,data/gesgolf/normalized/cervino/circolo-508.json,scraped
Cherasco,CHERASCO,59,100,warning,5,1,0,data/gesgolf/normalized/cherasco/circolo-59.json,scraped
Ciliegi,CILIEGI,209,100,warning,7,2,0,data/gesgolf/normalized/ciliegi/circolo-209.json,scraped
Citta' D'Asti,CITTA' D'ASTI,336,100,safe,2,0,0,data/gesgolf/normalized/citta-d-asti/circolo-336.json,scraped
Claviere,CLAVIERE,13,100,warning,5,1,0,data/gesgolf/normalized/claviere/circolo-13.json,scraped
Colli Bergamo,COLLI BERGAMO,742,100,safe,2,0,0,data/gesgolf/normalized/colli-bergamo/circolo-742.json,scraped
Colli Berici,COLLI BERICI,90,100,warning,7,2,0,data/gesgolf/normalized/colli-berici/circolo-90.json,scraped
Colline Gavi,COLLINE GAVI,732,100,safe,5,0,0,data/gesgolf/normalized/colline-gavi/circolo-732.json,scraped
Colombaro,COLOMBARO,308,100,safe,2,0,0,data/gesgolf/normalized/colombaro/circolo-308.json,scraped
Colombera Asd,COLOMBERA ASD,824,100,safe,4,0,0,data/gesgolf/normalized/colombera-asd/circolo-824.json,scraped
Conero,CONERO,460,100,safe,4,0,0,data/gesgolf/normalized/conero/circolo-460.json,scraped
Continental Verbania,CONTINENTAL VERBANIA,741,100,safe,3,0,0,data/gesgolf/normalized/continental-verbania/circolo-741.json,scraped
Cortina Ssd,CORTINA SSD,845,100,safe,3,0,0,data/gesgolf/normalized/cortina-ssd/circolo-845.json,scraped
Courmayeur,COURMAYEUR,14,100,warning,7,0,1,data/gesgolf/normalized/courmayeur/circolo-14.json,scraped
Croara Ssd,CROARA SSD,855,100,safe,6,0,0,data/gesgolf/normalized/croara-ssd/circolo-855.json,scraped
Cus Ferrara,CUS FERRARA,133,100,safe,4,0,0,data/gesgolf/normalized/cus-ferrara/circolo-133.json,scraped
Des Iles Borromees,DES ILES BORROMEES,480,100,safe,6,0,0,data/gesgolf/normalized/des-iles-borromees/circolo-480.json,scraped
Dolomiti,DOLOMITI,140,100,warning,4,1,0,data/gesgolf/normalized/dolomiti/circolo-140.json,scraped
Druento,DRUENTO,340,100,safe,4,0,0,data/gesgolf/normalized/druento/circolo-340.json,scraped
Ducato,DUCATO,700,100,safe,6,0,0,data/gesgolf/normalized/ducato/circolo-700.json,scraped
Faenza Cicogne,FAENZA CICOGNE,166,100,warning,2,1,0,data/gesgolf/normalized/faenza-cicogne/circolo-166.json,scraped
Fioranello,FIORANELLO,745,100,safe,6,0,0,data/gesgolf/normalized/fioranello/circolo-745.json,scraped
Firenze Ugolino,FIRENZE UGOLINO,15,100,warning,8,2,0,data/gesgolf/normalized/firenze-ugolino/circolo-15.json,scraped
Folgaria,FOLGARIA,79,100,warning,12,2,0,data/gesgolf/normalized/folgaria/circolo-79.json,scraped
Fonti,FONTI,285,100,safe,5,0,0,data/gesgolf/normalized/fonti/circolo-285.json,scraped
Franciacorta,FRANCIACORTA,69,100,warning,8,3,0,data/gesgolf/normalized/franciacorta/circolo-69.json,scraped
Frassanelle,FRASSANELLE,88,100,warning,7,3,0,data/gesgolf/normalized/frassanelle/circolo-88.json,scraped
Fronde,FRONDE,23,100,warning,4,1,0,data/gesgolf/normalized/fronde/circolo-23.json,scraped
Gardagolf,GARDAGOLF,67,100,warning,6,2,0,data/gesgolf/normalized/gardagolf/circolo-67.json,scraped
Garlenda,GARLENDA,17,100,safe,7,0,0,data/gesgolf/normalized/garlenda/circolo-17.json,scraped
Girasoli,GIRASOLI,161,100,warning,8,3,0,data/gesgolf/normalized/girasoli/circolo-161.json,scraped
Globale Jesolo,GLOBALE JESOLO,823,100,safe,3,0,0,data/gesgolf/normalized/globale-jesolo/circolo-823.json,scraped
Grado,GRADO,238,100,warning,6,1,0,data/gesgolf/normalized/grado/circolo-238.json,scraped
Green Club Lainate,GREEN CLUB LAINATE,102,100,warning,15,3,0,data/gesgolf/normalized/green-club-lainate/circolo-102.json,scraped
Gressoney,GRESSONEY,715,100,safe,3,0,0,data/gesgolf/normalized/gressoney/circolo-715.json,scraped
Is Arenas,IS ARENAS,283,100,warning,7,2,0,data/gesgolf/normalized/is-arenas/circolo-283.json,scraped
Is Molas Ssd,IS MOLAS SSD,814,100,warning,5,1,0,data/gesgolf/normalized/is-molas-ssd/circolo-814.json,scraped
Laghi,LAGHI,777,100,safe,4,0,0,data/gesgolf/normalized/laghi/circolo-777.json,scraped
Lamborghini,LAMBORGHINI,155,100,safe,2,0,0,data/gesgolf/normalized/lamborghini/circolo-155.json,scraped
Lana,LANA,256,100,warning,4,1,0,data/gesgolf/normalized/lana/circolo-256.json,scraped
Lanzo,LANZO,19,100,warning,4,2,0,data/gesgolf/normalized/lanzo/circolo-19.json,scraped
Lecco,LECCO,56,100,warning,5,2,0,data/gesgolf/normalized/lecco/circolo-56.json,scraped
Lignano Ssd,LIGNANO SSD,841,100,safe,3,0,0,data/gesgolf/normalized/lignano-ssd/circolo-841.json,scraped
Madonna Campiglio,MADONNA CAMPIGLIO,10,100,safe,5,0,0,data/gesgolf/normalized/madonna-campiglio/circolo-10.json,scraped
Mantova,MANTOVA,720,100,safe,2,0,0,data/gesgolf/normalized/mantova/circolo-720.json,scraped
Marco Simone,MARCO SIMONE,621,100,warning,4,0,1,data/gesgolf/normalized/marco-simone/circolo-621.json,scraped
Margara,MARGARA,50,100,warning,7,2,0,data/gesgolf/normalized/margara/circolo-50.json,scraped
Margherita,MARGHERITA,91,100,warning,3,2,0,data/gesgolf/normalized/margherita/circolo-91.json,scraped
Menaggio,MENAGGIO,25,100,warning,5,2,0,data/gesgolf/normalized/menaggio/circolo-25.json,scraped
Milano,MILANO,26,100,warning,9,2,0,data/gesgolf/normalized/milano/circolo-26.json,scraped
Mirasole,MIRASOLE,198,100,error,0,0,1,,scrape_failed
Modena,MODENA,71,100,warning,11,3,0,data/gesgolf/normalized/modena/circolo-71.json,scraped
Molinetto,MOLINETTO,60,100,warning,4,2,0,data/gesgolf/normalized/molinetto/circolo-60.json,scraped
Molino Pero,MOLINO PERO,483,100,safe,8,0,0,data/gesgolf/normalized/molino-pero/circolo-483.json,scraped
Moncalieri,MONCALIERI,465,100,warning,2,1,0,data/gesgolf/normalized/moncalieri/circolo-465.json,scraped
Monferrato,MONFERRATO,670,100,safe,2,0,0,data/gesgolf/normalized/monferrato/circolo-670.json,scraped
Montebelluna,MONTEBELLUNA,307,100,safe,5,0,0,data/gesgolf/normalized/montebelluna/circolo-307.json,scraped
Montecatini Terme Ssd,MONTECATINI TERME SSD,860,100,warning,4,1,0,data/gesgolf/normalized/montecatini-terme-ssd/circolo-860.json,scraped
Montecchia Golf,MONTECCHIA GOLF,831,100,safe,10,0,0,data/gesgolf/normalized/montecchia-golf/circolo-831.json,scraped
Montelupo,MONTELUPO,638,100,safe,6,0,0,data/gesgolf/normalized/montelupo/circolo-638.json,scraped
Monteveglio Asd,MONTEVEGLIO ASD,832,100,safe,2,0,0,data/gesgolf/normalized/monteveglio-asd/circolo-832.json,scraped
Monticello,MONTICELLO,27,100,warning,16,1,0,data/gesgolf/normalized/monticello/circolo-27.json,scraped
Mulino Cerrione,MULINO CERRIONE,734,100,safe,2,0,0,data/gesgolf/normalized/mulino-cerrione/circolo-734.json,scraped
Musella,MUSELLA,674,100,error,0,0,1,,scrape_failed
Napoli,NAPOLI,61,100,error,0,0,1,,scrape_failed
Nazionale,NAZIONALE,601,100,error,0,0,1,,scrape_failed
Oasi Di Magliano-Fiordalisi,OASI DI MAGLIANO-FIORDALISI,791,100,error,0,0,1,,scrape_failed
Olgiata,OLGIATA,28,100,error,0,0,1,,scrape_failed
Padova,PADOVA,29,100,error,0,0,1,,scrape_failed
Palermo,PALERMO,769,100,error,0,0,1,,scrape_failed
Panorama Golf,PANORAMA GOLF,765,100,error,0,0,1,,scrape_failed
Paradiso,PARADISO,357,100,error,0,0,1,,scrape_failed
Parco Firenze,PARCO FIRENZE,300,100,error,0,0,1,,scrape_failed
Parco Roma,PARCO ROMA,783,100,error,0,0,1,,scrape_failed
Passiria Merano,PASSIRIA MERANO,689,100,error,0,0,1,,scrape_failed
Pavoniere,PAVONIERE,703,100,error,0,0,1,,scrape_failed
Perugia,PERUGIA,30,100,error,0,0,1,,scrape_failed
Petersberg,PETERSBERG,97,100,error,0,0,1,,scrape_failed
Pevero,PEVERO,31,100,error,0,0,1,,scrape_failed
Piandisole 2025,PIANDISOLE 2025,849,100,error,0,0,1,,scrape_failed
Pinerolo - Pragelato,PINEROLO - PRAGELATO,410,100,error,0,0,1,,scrape_failed
Pinetina,PINETINA,20,100,error,0,0,1,,scrape_failed
Poggio Medici,POGGIO MEDICI,153,100,error,0,0,1,,scrape_failed
Ponte Legno,PONTE LEGNO,64,100,error,0,0,1,,scrape_failed
Pordenone,PORDENONE,86,100,error,0,0,1,,scrape_failed
Primule,PRIMULE,405,100,error,0,0,1,,scrape_failed
Puntaldia,PUNTALDIA,129,100,error,0,0,1,,scrape_failed
Pustertal,PUSTERTAL,756,100,error,0,0,1,,scrape_failed
Rapallo,RAPALLO,34,100,error,0,0,1,,scrape_failed
Rendena,RENDENA,170,100,error,0,0,1,,scrape_failed
Rimini Verucchio,RIMINI VERUCCHIO,723,100,error,0,0,1,,scrape_failed
Riva Toscana,RIVA TOSCANA,816,100,error,0,0,1,,scrape_failed
Riviera Golf,RIVIERA GOLF,776,100,error,0,0,1,,scrape_failed
Robinie,ROBINIE,182,100,warning,6,2,0,data/gesgolf/normalized/robinie/circolo-182.json,scraped
Roma Acquasanta,ROMA ACQUASANTA,36,100,warning,5,1,0,data/gesgolf/normalized/roma-acquasanta/circolo-36.json,scraped
Rossera,ROSSERA,698,100,warning,4,1,0,data/gesgolf/normalized/rossera/circolo-698.json,scraped
Rovedine,ROVEDINE,57,100,warning,2,1,0,data/gesgolf/normalized/rovedine/circolo-57.json,scraped
Rovigolf,ROVIGOLF,784,100,safe,2,0,0,data/gesgolf/normalized/rovigolf/circolo-784.json,scraped
Royal Park Roveri,ROYAL PARK ROVERI,384,100,warning,8,4,1,data/gesgolf/normalized/royal-park-roveri/circolo-384.json,scraped
Salice Terme,SALICE TERME,672,100,safe,3,0,0,data/gesgolf/normalized/salice-terme/circolo-672.json,scraped
Salici 2.0,SALICI 2.0,802,100,safe,9,0,0,data/gesgolf/normalized/salici-2-0/circolo-802.json,scraped
Salsomaggiore Terme,SALSOMAGGIORE TERME,762,100,safe,4,0,0,data/gesgolf/normalized/salsomaggiore-terme/circolo-762.json,scraped
Saluzzo,SALUZZO,706,100,safe,3,0,0,data/gesgolf/normalized/saluzzo/circolo-706.json,scraped
San Domenico - Egnazia,SAN DOMENICO - EGNAZIA,785,100,safe,4,0,0,data/gesgolf/normalized/san-domenico-egnazia/circolo-785.json,scraped
San Giovanni Ssd,SAN GIOVANNI SSD,800,100,safe,2,0,0,data/gesgolf/normalized/san-giovanni-ssd/circolo-800.json,scraped
San Valentino,SAN VALENTINO,789,100,safe,5,0,0,data/gesgolf/normalized/san-valentino/circolo-789.json,scraped
San Vigilio,SAN VIGILIO,441,100,warning,14,3,0,data/gesgolf/normalized/san-vigilio/circolo-441.json,scraped
San Vito,SAN VITO,348,100,safe,2,0,0,data/gesgolf/normalized/san-vito/circolo-348.json,scraped
Sanremo Ulivi,SANREMO ULIVI,37,100,warning,5,1,0,data/gesgolf/normalized/sanremo-ulivi/circolo-37.json,scraped
Santa Maria Maggiore,SANTA MARIA MAGGIORE,663,100,safe,2,0,0,data/gesgolf/normalized/santa-maria-maggiore/circolo-663.json,scraped
Santo Stefano Golf,SANTO STEFANO GOLF,828,100,warning,14,6,0,data/gesgolf/normalized/santo-stefano-golf/circolo-828.json,scraped
Saturnia,SATURNIA,412,100,safe,3,0,0,data/gesgolf/normalized/saturnia/circolo-412.json,scraped
Serra,SERRA,22,100,warning,3,2,0,data/gesgolf/normalized/serra/circolo-22.json,scraped
St. Anna,ST. ANNA,310,100,safe,8,0,0,data/gesgolf/normalized/st-anna/circolo-310.json,scraped
St. Vigil Seis,ST. VIGIL SEIS,655,100,error,0,0,1,,scrape_failed
Tanka Villasimius,TANKA VILLASIMIUS,751,100,warning,5,1,0,data/gesgolf/normalized/tanka-villasimius/circolo-751.json,scraped
Tarvisio,TARVISIO,749,100,error,0,0,1,,scrape_failed
Terre Consoli,TERRE CONSOLI,499,100,safe,12,0,0,data/gesgolf/normalized/terre-consoli/circolo-499.json,scraped
Terre Di Canossa,TERRE DI CANOSSA,839,100,safe,5,0,0,data/gesgolf/normalized/terre-di-canossa/circolo-839.json,scraped
Tesino,TESINO,226,100,safe,3,0,0,data/gesgolf/normalized/tesino/circolo-226.json,scraped
Tolcinasco,TOLCINASCO,829,100,safe,7,0,0,data/gesgolf/normalized/tolcinasco/circolo-829.json,scraped
Torino,TORINO,42,100,warning,12,2,0,data/gesgolf/normalized/torino/circolo-42.json,scraped
Torrazzo - Cremona,TORRAZZO - CREMONA,150,100,warning,2,1,0,data/gesgolf/normalized/torrazzo-cremona/circolo-150.json,scraped
Torre Ronchi,TORRE RONCHI,435,100,warning,3,1,0,data/gesgolf/normalized/torre-ronchi/circolo-435.json,scraped
Torrenova Ssd,TORRENOVA SSD,842,100,safe,2,0,0,data/gesgolf/normalized/torrenova-ssd/circolo-842.json,scraped
Toscana,TOSCANA,291,100,warning,3,2,0,data/gesgolf/normalized/toscana/circolo-291.json,scraped
Trieste,TRIESTE,43,100,warning,4,2,0,data/gesgolf/normalized/trieste/circolo-43.json,scraped
Udine,UDINE,44,100,safe,3,0,0,data/gesgolf/normalized/udine/circolo-44.json,scraped
Valtellina,VALTELLINA,834,100,safe,4,0,0,data/gesgolf/normalized/valtellina/circolo-834.json,scraped
Varese,VARESE,45,100,warning,11,2,0,data/gesgolf/normalized/varese/circolo-45.json,scraped
Venezia,VENEZIA,46,100,warning,5,2,0,data/gesgolf/normalized/venezia/circolo-46.json,scraped
Verona,VERONA,47,100,safe,5,0,0,data/gesgolf/normalized/verona/circolo-47.json,scraped
Vicenza,VICENZA,447,100,warning,6,2,0,data/gesgolf/normalized/vicenza/circolo-447.json,scraped
Vigevano G.C. Ssd,VIGEVANO G.C. SSD,847,100,safe,5,0,0,data/gesgolf/normalized/vigevano-g-c-ssd/circolo-847.json,scraped
Vigne,VIGNE,673,100,warning,5,2,0,data/gesgolf/normalized/vigne/circolo-673.json,scraped
Villa Carolina Ssd,VILLA CAROLINA SSD,833,100,safe,7,0,0,data/gesgolf/normalized/villa-carolina-ssd/circolo-833.json,scraped
Villa Condulmer,VILLA CONDULMER,49,100,warning,13,2,0,data/gesgolf/normalized/villa-condulmer/circolo-49.json,scraped
Villa D'Este,VILLA D'ESTE,48,100,safe,5,0,0,data/gesgolf/normalized/villa-d-este/circolo-48.json,scraped
Villa Paradiso Ssd,VILLA PARADISO SSD,798,100,safe,3,0,0,data/gesgolf/normalized/villa-paradiso-ssd/circolo-798.json,scraped
Zoate,ZOATE,63,100,warning,4,2,0,data/gesgolf/normalized/zoate/circolo-63.json,scraped
Acquabona,,,,,,,,,skip_not_strong
Alta Badia,,,,,,,,,skip_not_strong
Appiano - Golf & Country,,,,,,,,,skip_not_strong
Archi Claudio,,,,,,,,,skip_not_strong
Bergamo Albenza,COLLI BERGAMO,742,,,,,,,skip_not_strong
Botanic Sa Cuba,,,,,,,,,skip_not_strong
Castelgandolfo,,,,,,,,,skip_not_strong
Cosmopolitan,,,,,,,,,skip_not_strong
Fiuggi 1928,,,,,,,,,skip_not_strong
Florinas,,,,,,,,,skip_not_strong
Forte Marmi,,,,,,,,,skip_not_strong
Ggz - Zerman,,,,,,,,,skip_not_strong
Hermitage,,,,,,,,,skip_not_strong
Lauri,,,,,,,,,skip_not_strong
Livorno,,,,,,,,,skip_not_strong
Mare Di Roma,PARCO ROMA,783,,,,,,,skip_not_strong
Marigola,,,,,,,,,skip_not_strong
Marina Velka,,,,,,,,,skip_not_strong
Metaponto,,,,,,,,,skip_not_strong
Mirabella,,,,,,,,,skip_not_strong
Parco De' Medici,PARCO DE' MEDICI,112,,,,,,,skip_protected
Punta Ala,PUNTALDIA,129,,,,,,,skip_not_strong
Rieti,,,,,,,,,skip_not_strong
Roncegno,,,,,,,,,skip_not_strong
Salerno,,,,,,,,,skip_not_strong
San Donato,SAN VALENTINO,789,,,,,,,skip_not_strong
San Michele,SAN VALENTINO,789,,,,,,,skip_not_strong
Sappada,,,,,,,,,skip_not_strong
Sestrieres,,,,,,,,,skip_not_strong
Sicilia'S Picciolo,,,,,,,,,skip_not_strong
Stupinigi,,,,,,,,,skip_not_strong
Tauriana,,,,,,,,,skip_not_strong
Tirrenia,,,,,,,,,skip_not_strong
Valdichiana,,,,,,,,,skip_not_strong
Valpescara,,,,,,,,,skip_not_strong
Verdura,,,,,,,,,skip_not_strong
Villa Giusti,VILLA CONDULMER,49,,,,,,,skip_not_strong
